idLng;FR;EN
Brant_D1;Bonjour voyageur ! Qu'est ce qui vous emmene de ce côté du continent ?;Hello traveler ! What brought you on this side of the continent ?
Juliana_D1;Je suis à la recherce d'une cité perdu autrefois habité des nains. Vous avez des information pour moi ?;I am searching for a lost city once inhabited by dwarves. Do you have any information for me?
Brant_D2;Oh, je vois ! De quel genre d'informations avez-vous besoin ?;Oh, I See ! What kind of info do you need ?
Juliana_D2_C1;Une légende raconte que cette cité serait au sein d'une montagne antique. Vous savez où je peux la trouver ?;Legend has it that this city lies within an ancient mountain. Do you know where I can find it ?
Juliana_D2_C2;Je suis pas sûre de ne pas être la seul à chercher cette cité. Vous connaissez un bon endroit où trouver de l'équipement ?;I'm not sure I'm the only one looking for this city. Do you know a good place to find equipment ?
Juliana_D2_C3;J'ai trouvé ce parchemin enroulé dans un anneau dans un ancien sanctuaire. Je me demande ce que cela peut bien être...;I found this scroll rolled up in a ring in an old shrine. I wonder what it could be…
Brant_D3_A1;Vous savez, on dit beaucoup de choses dans les tavernes. Pensez à y aller,vous pourrez aussi vous laver là-bas... Vous en avez besoin.;You know, a lot of things are said in taverns. Think about going there, you can also wash up there... You need it.
Brant_D3_A2;Eh bien, mademoiselle, vous êtes au bon endroit ! Dites-moi ce dont vous avez besoin et je m'en occupe tout de suite. En échange de quelques pièces, bien sûr !;Well, miss, you've come to the right place! Tell me what you need and I'll get right on it. For a handful of coins, of course!
Brant_D3_A3;Laissez moi voir ça….Hmmmm… Ce parchemin à l'air d'être écrit en language de nain mais… très ancien. Pour la bague par contre je n'en ai aucune idée. Allez dont voir l'ancien du village, il saura vous renseigné. Dites lui que vous venez de la part de Brant, il saura vous recevoir !;"Let me see... Hmm... This scroll appears to be written in the language of the dwarves, but it's very old. As for the ring, I have no idea. Go see the village elder; he'll be able to help you. Tell him Brant sent you, and he'll welcome you!"
Margot_Test;bla;bla
Brant_D4_A4;f;f
Bourdon_D1;Boudiou j’ai eu du mal à te trouver !;Gosh I had a hard time finding you!
Bourdon_D2;En tout cas, tu es très élégant.e, comme sur tes photos ! :);In any case, you are very elegant, just like in your photos! :)
Bourdon_D3;Tu prends quoi à boire ? J'espère qu'ils font des boissons avec de l'alcool pas trop fort..;What are you drinking? I hope they make drinks with not too strong alcohol..
Bourdon_D4;J'aime pas cette émission, c'est créé par des boomers !;I don't like this show, it's created by boomers !
Mantis_D1_C1OG;J'aime bien moi :c.;I like it, tho :c.
Mantis_D1_C2OG;C'est nul.;It's a terrible series.
Mantis_D1_C3OG;Je ne l’ai pas regardé.;I didn't watch it.
Mantis_D1_C1;Mais moi j’aime bien cette série :’|;But I really like this series:’|
Mantis_D1_C2;C'est série nulle. Créé pour les vieux et par des vieux..;It's a terrible series. Created for the old and by the old..
Mantis_D1_C3;Je ne l’ai pas regardé.;I didn't watch it.
Bourdon_D31;Après c'est un bon point.;Then, it's a valid point.
Bourdon_D5;C'est pas gentil de critiquer le travail d’autrui :c. Tu sais, comme le dit Colin Mochrie, nous avons tous un dinosaure au fond de nous qui essaie de sortir.;It's not nice to criticize other people's work :c. You know, as Colin Mochrie says, we all have a dinosaur deep within us just trying to get out.
Mantis_D2_C1OG;C’est ton premier tête-à-tête ?;Is it your first one-on-one?
Mantis_D2_C2OG;Tu aimes les séries ?;Do you like series ?
Mantis_D2_C3OG;Qu’est-ce que tu regardes ??;What are you watching??
Mantis_D2_C1;C’est ton premier tête-à-tête ?;Is it your first one-on-one?
Mantis_D2_C2;Tu es passionné.e par les séries  ... cette série ?;Are you passionate about series? ... This series?
Mantis_D2_C3;Qu’est-ce que tu regardes ??;What are you watching??
Bourdon_D6;Ça se voit tant que ça ..? J'ai pas beaucoup d'expériences en la matière.. J'espère quand même faire bonne impression. ^^';Yes actually, is it that obvious...? I don't have much experience in this area.. I still hope to make a good impression. ^^'
Mantis_D3_C1OG;Oui, oui…;Yes, yes…
Mantis_D3_C2OG;Je me sens à l'aise !;I feel comfortable!
Mantis_D3_C3OG;Je sais pas trop..;I don't really know..
Mantis_D3_C1;Oui, oui…;Yes, yes…
Mantis_D3_C2;Je me sens à l'aise !;I feel comfortable!
Mantis_D3_C3;C'est impossible à dire aussi tôt dans le date, honnêtement.;It's impossible to say so early in the date honestly.
Bourdon_D7;Oh non ! Désolééé ! Euh euuh, si il faut je peux me rattraper !! On peut aller commander ? ;Oh no! Sorryyyyy! Um, uh, if I need to, I can make it up to you!! Can we go order?
Bourdon_D8;Euuuh c’est pas comme au fast-food, c’est vrai, il faut demander ! C’est ce qu’il y avait marqué dans les tutos de Mothsansmaster69..;Uuuh, it's not like at fast food, it's true, you have to ask! That's what it said in Mothsansmaster69's tutorials..
Bourdon_D9;Bonjour monsieur ! Je vais prendre un jus de pomme alcolisé !;Hello sir! I'll take an alcoholic apple juice!
Bourdon_D10;Du cidre ? AH OUI ! Je voulais dire du cidre ! ;Cider? AH YES! I meant cider!
Bourdon_D11;... Et toi tu veux boire quoi ?;... And you want to drink what ?
Mantis_D4_C1;Feur.;s UP
Mantis_D4_C2OG;Une boisson compliquée.;A complicated drink.
Mantis_D4_C2;Un Hardcore Coronarita Vin and Tonic Gin Diesel on the rocks.;A Hardcore Coronarita Vin and Tonic Gin Diesel on the rocks.
Mantis_D4_C3;De l’eau.;Some water.
Mantis_D4_C4;Oui.;Yes.
Bourdon_D27;Youhou ^^;Youhou ^^
Bourdon_D28;Tu veux prendre commande ?;Do you want to take order?
Bourdon_D29;Personnellement j’ai pris du cidre, ça a un goût proche du jus de pomme, c’est chouette !;Personally, I had cider, it tastes close to apple juice, it's great!
Bourdon_D30; Oh. Heu... Je cromprends. Tu veux prendre quelque chose peut être !;Oh. Um... I understand-Maybe you want to take something!
Bourdon_D12;Ah super ! Mais attends, t’as pas répondu... Tu veux quoi, du coup ?;Oh great! But wait, you haven't answered... What do you want then?
Mantis_D5;Mhh, je vois ce que tu veux dire.;Mhh, I see what you mean.
Bourdon_D13;Et honnêtement, quand j'ai dit que c’était une série pour vieux, c'est surtout parce que j’ai vu des extraits sur [youtubedejardin] vu que c’est un classique, mais c’est trop une série compliquée pour moi. :/;And honestly, when I said it was a series for old people, it was mostly because I saw excerpts on [youtubedejardin] since it's a classic, but it's too complicated a series for me. :/
Bourdon_D14;Et puis, il y a aucun dinosaure, c'est un gros malus :c.;And then, there are no dinosaurs, it's a big drawback :c.
Bourdon_D15;J'adore les dinosaures !! Tu sais, mon repas préféré, c'est les dino nuggies !!;I love dinosaurs!! You know, my favorite meal is dino nuggies!!
Mantis_D6_C1OG;(Je ne sais pas quoi dire.);(I don't know what to say)
Mantis_D6_C1;(Je ne sais pas quoi faire de cette information.);(I don't know what to do with this information)
Mantis_D6_C2;C’est les meilleurs !;They are the best!
Mantis_D6_C3;Je préfère les patates sourire. :);I prefer smiley potatoes. :)
Bourdon_D16;La texture est pas la même, les nuggets en forme de dinosaures sont beaucoup plus tendres que les nuggets normaux.;The texture is not the same, the dinosaur-shaped nuggets are much more tender than regular nuggets.
Bourdon_D17;Eh hem, en parlant de tout ça ! Ça donne soif de parler de nourriture ! Même si pour toi les dino nuggies c’est trop raffiné, tu veux prendre quoi ?;Ahem, speaking of all that! Talking about food makes me thirsty! Even if dino nuggies are too refined for you, what do you want to get?
Bourdon_D18;On est D’ACCORD ! Et à chaque fois, personne ne comprend, C’EST FOU ÇA ! ALORS QUE C’EST TROP BON.;We AGREE! And every time, no one understands IT'S CRAZY! WHILE IT'S TOO GOOD.
Bourdon_D19;En plus ça ferme la boucle ! Les dinosaures aujourd’hui, c’est les poulets, puis on les transforme après en nuggets de dinosaures, c’est BEAU.;Plus, it closes the loop! Dinosaurs today are chickens, then we turn them into dinosaur nuggets, it's BEAUTIFUL.
Bourdon_D20;Mais bon heu... C’est qu’un détail, hein.;But well... It's just a detail, right?
Bourdon_D21;Mais je suis content.e de savoir qu'il existe d'autres appréciateurs de dino nuggies !;But I'm glad to know there are other dino nuggie appreciators out there!
Bourdon_D22;Tu prends quoi à boire ?;What would you like to drink?
Bourdon_D23;WoooW vraiment ?!;WooooooW really?!
Bourdon_D24;Je veux dire, toi aussi !!;I mean, you too!!
Bourdon_D25;Ahah, si j’étais comme mes potes je dirais que c’est de la nourriture pour gamins, mais ils ne comprennent juste pas que c’est 100 fois meilleur !;Ahah, if I were like my friends, I would say it's kid food, but they just don't understand that it's a hundred times better!
Bourdon_D26;En plus les patates sourires sont aussi bien cuites en dessous qu'au-dessus, c’est comme un vrai trésor de capitaine !;Plus, the smiley fries are cooked just as well underneath as they are on top, it's like a real captain's treasure!
Bourdon_D32;C'est pas pour dire que je l'ai regardé après, j'ai que regardé des extraits pour la culture, mais c'était trop lent, comme cette autre série-là, Free Reins. C'est pas compliqué pourtant, si le rythme était super rapide, on s'ennuierait moins.;It's not to say that I watched it afterward, I only watched excerpts for culture but it was too slow like that other series, Free Reins. It's not complicated tho, if the pace was super fast we would be less bored.
Bourdon_D33;C'est ton choix, simplement c'est objectivement trop nul, faut pas écouter la critique, ils descendent toujours les meilleures séries. Preuve ! Moi j'aime tous les Permien Parks mais ils continuent de dire que Permien World c'est moins bien ! Chuis grave trop pas d'accord.;It's your choice, it's just objectively too bad, you shouldn't listen to the critics, they always trash the best series. Preuve ! I like all the Permian Parks but he keeps saying Permian World is worse! I really seriously disagree.
Bourdon_D34;En plus ils sont tellement plus réaliste ! Les robots c'est tellement moins probable que des dinosaures néés par des grenouilles en manipulant leurs ADN et le recyclant de moustique préservé dans de la sève d'arbre de plusieurs million d'années. Pfouah des robots quoi ! C'est tellement impossible.;Plus they are so much more realistic! Robots are so much less likely than dinosaurs born from frogs by manipulating their DNA and recycling it from mosquitoes preserved in tree sap from several million years ago. Pfouah robots what! It's so impossible.
Bourdon_D35;Et puis le Mycropentanatocéphalocarcharomimus, il est—oops ! Je veux pas t'ennuyer avec ça, des fois je m'arrête plus quand j'en parle. Ça serait dommage de te faire fuir aussi tôt, haha !;And then the Mycropentanatocéphalocarcharomimus is-Oops! I don't want to bore you with that, sometimes I can't stop when I talk about it. It would be a shame to hit me on the head so I would stop talking about it haha!
Bourdon_D36;Faut pas me regarder comme ça... Moi... J'adore le dinodex, c'est passionnant les dinosaures.;Don't look at me like that... Me... I love the dinodex, dinosaurs are fascinating.
Bourdon_D37;Si ça ne te va pas, je peux toujours parler ou passer sur, heu…;If that doesn't work for you, I can always talk or switch to…
Bourdon_D38;Tu-aimes bien-ton travail-nom du crush-virgule tu fais quoi comme travail-point d'interrogation heu... oops;You really like your job, [crush's name], comma, what kind of work do you do, question mark, um... ~Oops
Mantis_D7_C1;Tu sais pas parler ou quoi ?;You don't know how to talk or what?
Mantis_D7_C2;Tu te mélanges les pinceaux là.;You're getting your wires crossed there.
Mantis_D7_C3;On peut dire secrétaire..;We can say secretary..
Mantis_D8_C1OG;Pas de tuto pour me date.;No tutorial for my date.
Mantis_D8_C2OG;Il a pas l'air net, ton gars.;He doesn't seem right, your guy.
Mantis_D8_C3OG;Tu fais au mieux ?;Are you doing your best?
Mantis_D8_C1;Te sers pas de tuto pour me date ou je me casse.;Don't use a tutorial to date me or I'm out.
Mantis_D8_C2;Je suis pas sûr de la fiabilité de ton gars.;I'm not sure about the reliability of your guy.
Mantis_D8_C3;Aww, t’essaies de faire au mieux ?;Aww, are you trying your best?
Bourdon_D39;Heuu... Bwahahah T.T Désolé, c’est mon premier rendez-vous en dehors de Dinosnap ! ;H-heu... Umm... Bwahahah T.T Sorry, it's my first appointment outside of Dinosnap!
Mantis_D9;Bon ! Je vais prendre quelque chose pour moi, alors...;Alright! I'm going to get something for myself, then…
Bourdon_D40;Arrête, il m’a appris tellement de choses, la preuve, il a été en couple 20 fois !;Stop, he taught me so much, proof is he's been in a relationship 20 times!
Mantis_D10;(Heu... pendant combien de temps ??);(Um... how long?)
Bourdon_D41;Donc... Tu prends un truc ?;So... Are you taking something?
Bourdon_D42;Heu... oui.;Hem... yes.
Mantis_D11C1;Un café.;A coffee.
Mantis_D11C2;Une grenadine.;A grenadine.
Mantis_D11C3;Une Absinthe Suissesse.;A Swiss Absinthe.
Mantis_D12;(Iel m’endort, je vais prendre de quoi rester réveillé.e) (ET SURTOUT DE QUOI GARDER MON TAUX DE CAFÉINE ÉLEVÉ);(He's making me sleepy, I'm going to grab something to stay active) (AND ESPECIALLY SOMETHING TO KEEP MY CAFFEINE LEVEL UP)
Mantis_D13;Maintenant on peut attendre, les serveurs ici sont de véritables escargots !;Now we can wait, the servers here are real snails!
Bourdon_D43;Toi aussi t’aimes bien les trucs doux !;You also like sweet stuff!
Mantis_D14;(Un peu de sirop pour adoucir ce drôle de rendez-vous);(Syrup to sweeten this strange date)
Bourdon_D44;…;…
Mantis_D15;Je vais me bourrer la gueule de façon raffinée.;I'm going to get refinedly drunk.
Mantis_D16;(Et c’est pas ce rendez-vous qui m’en empêchera);(And it's not this date that will stop me)
Bourdon_D45;Tout du pas ! heu... pardon : pas du tout;Uh... All at not! Um... Sorry: Not at all
Bourdon_D46;Tu sais, j'ai eu une très bonne note au [jeu de most pour dire bac];You know, I got a very good grade on the [wordplay for bac]
Bourdon_D47;Et toi ?;And you ?
Mantis_D17C1OG;Je gère aux fournaux;I manage the furnaces.
Mantis_D17C2OG;Mes autres dates ne valident pas.;My other dates didn't validate it.
Mantis_D17C3OG;Hocher de la tête;*Nodding*
Mantis_D17C1;J’ai toujours été fort.e en cuisine.;I've always been good in the kitchen.
Mantis_D17C2;Bizarrement mes autres dates ne les apprécient pas à leurs juste valeurs.;Strangely, my other dates don't appreciate them at their true worth.
Narrator_MD17C3;Vous hochez de la tête en souriant.;*Nodding with a smile*
Mantis_D18C1OG;Je croivez qu’ont s’en foux.;I thihnk weed don't care.
Mantis_D18C2OG;Je m’en sors plutôt bien.;I'm doing pretty well.
Mantis_D18C3OG;Je maîtrise.;I have it under control.
Mantis_D18C1;Je croivez qu’ont s’en foux.;I thihnk weed don't care.
Mantis_D18C2;Je m’en sors plutôt bien, comme toi.;I'm doing pretty well like you.
Mantis_D18C3;Je meus la verve ainsi que mon orthographe et ma grammaire à ma guise.;I wield the eloquence as well as my spelling and grammar as I please.
Bourdon_D48;... Ouais, carrément;... Yeah, totally
Mantis_D19;(J’espère qu’iel l’a pas pris 1er degré, iel a l’air très confus.);(I hope he didn't take it literally, he seems very confused)
Bourdon_D49;Mais j’ai quand même des doutes.;But I still have doubts.
Mantis_D20; (Ok, iel l’a pris 1er degré.);(Okay, he took it literally)
Bourdon_D50;Après, après le bac par contre je n’ai pas continué des études linguistiques mais je suis allé.e en école de géologie parce qu’il faut bien aller creuser les fossiles là-dessous !;After, after high school, however, I didn't continue with linguistic studies but went to geology school because you have to dig up the fossils underneath!
Mantis_D21C1OG;Tu veux dire archéologue ?;You mean archeologist?
Mantis_D21C1;Fossiles ? Mais c’est archéologue qu’il fallait faire.;Fossile ? But it's Archeologist that he should have done.
Mantis_D21C2;…;…
Bourdon_D51;Archéologue ? Jamais entendu parler. Mais sinon tu veux boire quelque chose ?;Archeologist? Never heard of it. But otherwise, do you want something to drink?
Bourdon_D52;Dans tous les cas, c’est sûr, tu t'exprimes mieux que moi ^^;In any case, it's certain, you express yourself better than me ^^
Bourdon_D53;Par contre, je comprends pas pourquoi j'étudie les minéraux.. Je suis apparemment très bon.ne mais j'ai encore jamais étudié un caillou de dinosaure :c.;On the other hand, I don't understand why I'm studying minerals.. I'm apparently very good but I've never studied a dinosaur rock yet :c.
Bourdon_D54;Et toi du coup, tu fais quoi dans la vie ? ;And what do you do in life?
Narrator_BD55;Le bourdon vous écoute attentivement.;*The bumblebee listens to you attentively*
Mantis_22;Mais c’est privé.;But it's private
Mantis_23;J'aime beaucoup mon travail après.;I really like my work afterward.
Mantis_24;C’est l’essentiel-;It's the essential-
Mantis_25;La partie la plus difficile, c’est de nettoyer après les entretiens.;The most difficult part is cleaning up after the interviews.
Mantis_26C1OG;WOH TU RÉPONDS ?!;WHAT, ARE YOU ANSWERING ?!
Mantis_26C1;WOH TU PRENDS LA PAROLE OU JE T’ARRACHE LA TÊTE ?!;HEY, YOU SPEAK UP OR I'LL RIP YOUR HEAD OFF?!
Mantis_26C2;Vraiment ?;Really?
Mantis_26C3;Je t’autorise à parler.;I authorize you to speak.
Bourdon_D56;Ah-Heu Désolé-P-Pardon! @!@;Ah-Um Sorry-S-Sorry! @!@
Bourdon_D57;Et bien, vous êtes grave joli.e comme secrétaire.;Well, you're seriously pretty as a secretary.
Mantis_27C1OG;Flirter en retour;Flirt back
Mantis_27C2OG;Awn merciii (???????);Awn thank youuu (???????)
Mantis_27C3OG;Tu es trop jeune..;You are too young..
Mantis_27C1;Et toi bien intelligent.e pour un.e jeune adulte ¦) Je t’offre un verre pour la peine mais je te raccompagne chez toi.;And you're quite intelligent for a young adult ¦) I'll buy you a drink for your trouble, but I'll walk you home.
Mantis_27C2;Awn merciii (???????);Ahn thaaank u (???????)
Mantis_27C3;Et toi clairement trop jeune, j’me casse.;And you're clearly too young, I'm leaving.
Bourdon_D58;Oh non, faut pas se cacher le visage, dis, c’était pas dans le guide @!@ Heu je te paye un verre ?;Oh no, you don't have to hide your face, it wasn't in the guide @!@ Um, I'll buy you a drink?
Mantis_D28;Mais non (???????) !!;But no (???????)
Bourdon_D59;Mais si !!;But yes
Mantis_D29;Pas la peine (^°_°^).;No need (^°_°^)
Bourdon_D60;D’accord. Mais j’aimerais quand même te poser la question... Que veux-tu ?;Okay. But I would still like to ask you... What do you want?
Mantis_D30C1;Un Roffignac.;A Roffignac
Mantis_D30C2;Sortir avec toi ! (¬ ? ?¬);Going out with you! (¬ ? ?¬)
Bourdon_D61;“Valeur”, c’est peut-être un peu fort.;"""Value"" might be a bit strong."
Mantis_D31C1;Expliquer pourquoi  les bonhommes sourire sont un phénomène.;*Explain in detail why smiley faces are a phenomenon*
Narrator_DM32;Vous expliquez en quoi les bonhommes sourire sont géniaux tandis que le bourdon vous écoute avec attention.;*You explain why the smiley faces while the bumblebee listens to you attentively*
Bourdon_D62;Ah oui? je vois !;Ah yes, I see !
Narrator_DM33;Vous démontrez par propriété relative la nature supérieurement calorique des bonhommes sourire.;*You demonstrate thru relative property the superior caloric nature of smiley faces*
Bourdon_D63;Heu... J’ai pas fait spé maths..;Um... I didn't do advanced math.
Narrator_DM34;Vous élevez la conscience du bourdon à travers une démonstration quantique prouvant que les bonhommes sourire SONT.;*You raise the awareness of the bumblebee thru a quantum demonstration proving that the smiley faces ARE*
Bourdon_D64;Enfin, personne d’autre que toi..;Finally, no one else but you..
Narrator_DB65;Le bourdon parle en détail du fait qu'il a lui aussi l’habitude de se cuisiner sa propre nourriture.;*The bumblebee speaks in detail that he too is used to making his own food*
Bourdon_D66;Tu sais cuisiner, c’est pratique, t’as ça appris en ligne ?;You know how to cook, that's handy, did you learn that online?
Mantis_D35C1;Tu me prends pour qui ?!;Who do you think I am?!
Mantis_D35C2;Mmmoui.;mmmmmh yes 
Mantis_D35C3;Les gens en ligne apprennent de moi. +-+;People online learn from me +-+
Mantis_D36;(J’espère qu’iel me juge pas trop.);(I hope he doesn't judge me too much)
Bourdon_D67;Comme tout le monde, c’est trop cool que t’aies appris ça en autodidacte, y a pas longtemps j’ai appris à lacer mes chaussures en autodidacte après avoir vu un tuto ! Ça me fait penser d’ailleurs…;Like everyone else, it's so cool that you learned that on your own, not long ago I learned how to tie my shoes on my own after watching a tutorial! That reminds me...
Bourdon_D68;Ah bon, t’es créateur-trice de contenu ! Ça me fait penser que j’avais entendu parler d’un norbug qui sortait avec des *larves*, brrrr... T’es pas l’un d’entre eux au moins, j’ai juste eu un vague frisson, c’est tout.;No way! You're a content creator. It makes me think I had heard about a norbug that was dating *larvae* brrrr... You're not one of them at least, I just got a vague shiver that's all.
Bourdon_D69;Bah moi c’est typiquement le cas avec les dinosaures, personne reste jamais pour écouter, enfin..;Well, for me, it's typically the case with dinosaurs, no one ever stays to listen, well…
Bourdon_D70;Dans les conseils pour de bons dates, j’avais lu que c’était important de bien s’assurer que l’autre personne soit à l’écoute pour des questions.;In the advice for good dates, I had read that it was important to make sure that the other party was listening for questions.
Mantis_D37;Quel genre de question ?;What kind of question?
Bourdon_D71;Tu veux sortir avec moi ?;Do you want to go out with me?
Mantis_D38C1OG;Il est rapide ton tuto…;Your tutorial is quick...
Mantis_D38C2OG;Tu appelais le serveur ?;Were you calling the waiter?
Mantis_D38C3OG;T’aimes les secrétaires à ce point ?;Do you like secretaries that much?
Mantis_D38C1;C’est vite expédié, ton tuto de merde, il loupe le reste du date aussi ?;It's quickly done, your shitty tutorial, does it skip the rest of the date too?
Mantis_D38C2;C’est pour le serveur que tu levais la patte tout à l’heure ?;Was it for the waiter that you were raising your hand earlier?
Mantis_D38C3;T’aimes les secrétaires à ce point ?;Do you like secretaries that much?
Bourdon_D72;Beuh... Oui ! Heu…;Urh... Yes! Um...
Bourdon_D73;Mmh ?! Hah heu... C’est que... Ma mère m’a dit que je devais me trouver un.e petit.e copin.e alors heu vu que tu sais trop bien parler et puis que tu es magnifique, je me disais…;Mmh ?! Hah well... It's just that... My mother told me that I had to find myself a partner and then, well, since you're such a great talker and you're gorgeous, I was thinking...
Bourdon_D74;~>o<~ Boh c’est pas grave, oublie ce que j’ai dit ! Tu veux quelque chose ?;~>o<~ Well, it's not a big deal, forget what I said! Do you want something?
Bourdon_D75;N'empêche…;Still...
Narrator_D1;"À la télévision du bar, l'émission ""Cyber Grasshoper in the techno Shell"" passe.";"On the bar's television, the show ""Cyber Grasshopper in the Techno Shell"" is playing."
Narrator_D2;Vous passez commande.;You are placing an order.
Narrator_D3;Le ventre du bourdon gazouille.;The belly of the bumblebee chirps.
Narrator_D4;Le bourdon écoute attentivement.;The bumblebee listens attentively.
Narrator_D5;Le bourdon regarde son téléphone sous la table.;The bumblebee looks at its phone under the table.
Narrator_D6;Le bourdon lève la patte comme pour demander parole.;The bumblebee raises its paw as if to ask for the floor.
Narrator_D7;Le bourdon se balance maintenant sur sa chaise..;The bumblebee is now swaying on its chair..
Narrator_D8;Le bourdon fait des appels de phares avec ses yeux.;The bumblebee makes headlight calls with its eyes.
Narrator_D9;Le bourdon se touche le bout des pattes.;The bumblebee touches the tips of its paws.
Narrator_FIN1;Au café, vous riez et tu passes une soirée.;
Narrator_FIN2;Vous et votre tête-à-tête romantique finissez un repas dans l’insouciance et la naïveté.;
Narrator_FIN3;Sur le chemin vers chez vous, vous ressentez une nouvelle fois ce sentiment d’inaccomplissement méler à une fierté parental.;
Narrator_FIN4;Vous passez une soirée à échanger sur des intérêts très spécifiques, vous et votre ami.e. ;
Cloporte_D1;Pétard, t’es là ?;
Narrator_D10;Le cloporte s’assoit à votre table.;
Cloporte_D2;J’ai failli me faire bastonner en venant ici. Ils étaient 5 contre moi !;
Cloporte_D3;Une bande de marmots.. Ils m’ont insulté, dans la rue, en disant que je puais ! ;
Cloporte_D4;J’ai pris un peu de temps pour pas qu’ils aillent chercher la police tellement j’ai été balèze..;
Cloporte_D5;Ça a demandé un peu de persuasion, mais j’ai réussi comme d’habitude.;
Cloporte_D6;Whoaaaa, ils servent de la Poliakoil Beetle ici !;
Mantis_D39C1OG;(Le boulet..);
Mantis_D39C2OG;Ta vie est mouvementée..;
Mantis_D39C3OG;Tu vas bien ?;
Mantis_D39C1;(Mais quel boulet..);
Mantis_D39C2;En voilà une vie remplie de rebondissements.;
Mantis_D39C3;Et tu vas bien ??;
Cloporte_D7;Mh ?;
Cloporte_D8;Eh, me regarde pas comme ça, j’ai dû y mettre les poings, j’te dis.;
Cloporte_D9;C’est pour ça qu’ils ont dû partir, tiens !;
Cloporte_D10;Et vous, charmante personne ! ;
Cloporte_D11;Qu’est-ce tu fais ici ?;
Cloporte_D12;Nan, flemme de poser 86 questions. J'peux p’tet te proposer une 8 6 par contre.;
Narrator_D11;Le cloporte imite des pistolets avec ses pattes.;
Narrator_D12;Honnêtement, c'est cringe..;
Mantis_D40C1OG;Un Sugar Rush !;
Mantis_D40C2OG;Si c’est proposé si gentiment.;
Mantis_D40C3OG;Ça marche.;
Mantis_D40C1;J’ai envie d’un Sugar Rush !;
Mantis_D40C2;Si c’est proposé si gentiment.;
Mantis_D40C3;Ça marche.;
Cloporte_D13;Hé ouais, qu’est-ce tu veux..;
Cloporte_D14;Bah ouui, pis quoi encore, tu penses pas que j'les aurais ratés quand même !;
Mantis_D41C1OG;C’est bien à moi que tu parles ..?;
Mantis_D41C2OG;Mentionner son strabisme.;
Mantis_D41C3OG;Pas le moins du monde..;
Narrator_D13;Vous mentionnez son strabisme.;
Cloporte_D15;Bon, c’est pas tout ça, mais je commence à fatiguer, un petit verre énergisant ça fait toujours l’affaire !;
Cloporte_D16;Serveur, deux verres ici et rapidement ! ;
Cloporte_D17;Tu commandes quoi ?;
Mantis_D42C1OG;Un Sugar Rush !;
Mantis_D42C2OG;De l’eau.;
Mantis_D42C3OG;Un Roffignac.;
Cloporte_D18;Heh, comme quoi, tu t’en fiches de ce qui peut m’arriver..;
Cloporte_D19;…;
Cloporte_D20;Bon, on se bourre la gueule ou on se regarde comme ces tafioles d’alcooliques ?;
Mantis_D43C1OG;Fusiller le cloporte du regard.;
Mantis_D43C2OG;De l'eau.;
Mantis_D43C3OG;Montrer votre mécontentement.;
Mantis_D43C1;Je vais prendre un Sugar Rush. Merci.;
Mantis_D43C2;De l'eau, merci !;
Mantis_D43C3;Je prendrais un Roffignac.;
Narrator_D14;Le cloporte a l'air de comprendre qu'il a dit quelque chose qui vous a déplu.;
Narrator_D15;"En même temps, insulter les gens de ""tafioles"" à un premier date c'est peu recommandé.";
Narrator_D16;Sérieusement, ne faites pas ça.;
Cloporte_D21;Je vois pas de quoi tu parles.;
Cloporte_D22;En tout cas, t’as l’air aussi caractériel que mon ex mais vu que tu es *une mante*, c’est peu étonnant.;
Cloporte_D23;Regardez-moi ces *pinces* ! Toi aussi tu dois en dérouiller des *insectes*, vu à quel point tu dois être fort.e !;
Cloporte_D24;Moi avec mes cours de gym, je suis capable d’assouplir les autres super fort ! Tu verrais ça !;
Cloporte_D25;Tiens, tant que j’y suis...;
Cloporte_D26;SERVEUR ! ON A SOIF ! Une Moilster Beetle ici !;
Cloporte_D27;On va pas rester sobre comme avec mon ex !;
Cloporte_D28;Iel était bien moins ravissant.e que toi dans tous les cas. T’en fais pas si j’en parle beaucoup, mais c’est important de savoir si t’es grave une meilleure personne.;
Cloporte_D29;Te fous pas de moi s'il te plaît, là, je suis dans un bon mood, pas la peine d'en rajouter…;
Cloporte_D30;On va pas rester sobre comme avec l'autre là !;
Mantis_D44;(L’autre? Il était avec une autre personne avant ?);
Mantis_D45;Eh bien je vais prendre, attention, tadadadah : UN CAFÉ !;
Cloporte_D31;EH? Ce truc omega sucré?! ;
Cloporte_D32;C’est une boisson pour *fourmis* ce truc!;
Cloporte_D33;Moi je bois ça je finis par trembler !;
Cloporte_D34;De l’EAU ?! Pfouahahah, comme quoi c’est pas parce qu’on est sublime qu’on est... tu sais ? ... Le truc là, de la tête haha...;
Mantis_D46C1;Si tu dis intelligent.e, je te jette dans une benne.;
Mantis_D46C2;... >_< …;
Mantis_D46C1OG;Intelligent.e ?;
Cloporte_D35;Ohlala, excusez nous Messiames, classy classy la boisson !;
Cloporte_D36;On fait 50-50, hein..?;
Cloporte_D37;Serveur ! Moi, j’vais vous prendre une Moilster Beetle Turbo ! Vraie boisson virile qui donne plein d’énergie, c'est pas une boisson de faible !;
Cloporte_D38;Puis un café, ça coûte pas trop cher..;
Cloporte_D39;Serveur ! Moi, j’vais vous prendre une Moilster Beetle Turbo ! Vraie boisson qui donne plein d’énergie.;
Cloporte_D40;Okay, pardon ! J’y suis peut-être allé un peu fort sur l’insulte, désolé, désolé.;
Cloporte_D41;AÏE, c’était mon pied ça !;
Cloporte_D42;Pas sûr que t’en aies besoin vu comme tu frappes fort..;
Cloporte_D43;"“Oh putin ! C’est pas ""Cyber Grasshoper in the Techno Shell"" qui passe à la télé ?";
Mantis_D47C1OG;Tu connais ?;
Mantis_D47C2OG;Oui le vieux show avec le cyberbug là...;
Mantis_D47C3OG;C’est mon préféré !;
Mantis_D48;C’est Cyber Grasshoper in the Techno Shell, ils le passent souvent ici.;
Cloporte_D44;Wah ça date !  C'est le show que regardait mon père quand il était encore vivant ! Nostalgie !;
Cloporte_D45;Mais bon, comme mon vieux, ce film est complètement con.. J’y comprends que dalle tellement c’est mal branlé.;
Mantis_D49C1OG;S'énerver.;
Mantis_D49C2OG;Bois un coup.;
Mantis_D49C3OG;Je connais de nom.;
Narrator_D49C1;Vous vous énervez mais c'est principalement parce que vous, vous avez compris l'histoire.;
Mantis_D49C2;Bois un verre, tu trouveras l’anime plus divertissant.;
Mantis_D49C3;Je connais de nom mais je ne regarde pas de dessins animés.;
Cloporte_D46;Ouais, à 01:45:34 il y a la fourmi sergent-major qui est dénudée ! Elle est hyper fraîche !;
Mantis_D50C1OG;Bien évidemment..;
Mantis_D50C2OG;Tu me dégoûtes.;
Mantis_D50C3OG;Calme toi.;
Mantis_D50C1;Bien évidemment, c’est pour ça que tu connais..;
Mantis_D50C2;Ew, maintenant que tu le dis, tu me dégoûtes..;
Mantis_D50C3;Tu calmes ton *gastre*, le voyeur !;
Cloporte_D47;Ouais ça vaut pas les isekaikais, les dessins animés où le héros est transporté dans un monde avant d’être retransporté dans son monde d’origine !;
Mantis_D51;Attends mais du coup ça sert à quoi vu que le protagoniste est parti pour revenir directement ?;
Cloporte_D48;Ouais, ouais, c'est ça. Tu comprends rien en fait..;
Mantis_D52C1;…;
Mantis_D52C2OG;C'est pas logique.;
Mantis_D52C3OG;Parle mieux.;
Mantis_D52C2;Ça reste pas logique..;
Mantis_D52C3;Déjà, parle-moi mieux, p’tit con.;
Cloporte_D49;*Gastre* ? C’est quoi ça ? T’as pris un coup sur la tête parce que généralement c’est les mots de plus de 3 syllabes que je capte pas ?;
Cloporte_D50;Quoi qu’il en soit...;
Mantis_D53;(Wow, il en a déjà bu 2 avant que j’aie eu le temps de finir ma phrase.);
Cloporte_D51;J’allais pas attendre une invitation !;
Cloporte_D52;T’avais raison, l’anime est différent, c’est plus fluide.;
Cloporte_D53;Par contre tous les deux vous êtes toujours chiants. Haha, heureusement que t’es joli.e !;
Cloporte_D54;Pardon, j’aurais pas dû dire ça, surtout au début d'un rencard. Ce dont on parlait, ça me rappelait juste mon ex et j’en ai pas forcément le meilleur souvenir. Je doute pas que t’es bien différent.e.;
Mantis_D54C1OG;Si ce n'est que ça..;
Mantis_D54C2OG;Réagir de manière agressive.;
Mantis_D54C3OG;Pourquoi sortir avec moi ?;
Mantis_D54C2;Joli.e ou pas, tu sais que je peux te tailler en deux avec mes pinces ?;
Mantis_D54C3;Si je suis si chiant.e, pourquoi tu veux sortir avec moi ?;
Cloporte_D55;Oh putin ! Il y a une télé dans ce bar de luxe !;
Mantis_D55;Wow, c’est un bar normal, on est pas au Grand *Bug*apest Café non plus !;
Cloporte_D56;Ça reste mieux que là où je vais d’habitude, disons que mon quartier est pas le plus entretenu de la ville.;
Mantis_D56;Ah bon ?;
Cloporte_D57;Ouais – 3 – mais t’inquiètes, on s’occupe bien là-bas, ma mère et moi.;
Cloporte_D58;Eh vas-y, ça a plombé l’ambiance et tout ! Pour la peine, c’est toi qui payes ton verre.;
Mantis_D57;Mais.. J'ai rien commandé ?;
Narrator_D17;Le cloporte regarde par la fenêtre du bar.;
Cloporte_D59;Tiens, c’est pas…;
Mantis_D58;Quoi ?;
Cloporte_D60;Attends-Attends, c’est rien, hé, tu veux qu’on se marre ?;
Narrator_D18;Le cloporte boit un verre de boisson énergisante entière.;
Mantis_D59C1OG;Tu vas pas tenir longtemps.;
Mantis_D59C2OG;Arrête ton cirque.;
Mantis_D59C3OG;Wow !;
Mantis_D59C1;Tu vas pas tenir longtemps comme ça.;
Mantis_D59C2;Arrête de faire le show, depuis le début je suis là uniquement pour ta tête.;
Mantis_D59C3;Wow !;
Cloporte_D61;Parce que je suis hyper viril.e et les personnes viriles, ça a besoin d’être en couple avec une voiture et une maison.;
Cloporte_D62;Et, là maintenant, j’ai que l’oseille, mais avec toi, je pourrais avoir le monde, tu penses pas ?;
Mantis_D60C1OG;Ew.;
Mantis_D60C2OG;Aww;
Mantis_D60C3OG;Ça sent le discours masculiniste. ;
Narrator_D60C1;Vous lâchez un bruit de dégoût.;
Mantis_D61;Alors essaye de me montrer qu’elle en vaut la peine.;
Cloporte_D63;Je sais, je suis plutôt superbe comme personne. Ma mère me le dit souvent, contrairement à mon père, ce gros con !;
Mantis_D61C1OG;C'est important la famille.;
Mantis_D61C2OG;La famille, j’ai jamais trop connu.;
Mantis_D61C3OG;Tiens toi droit.e..;
Mantis_D61C1;Eh ! C’est important la famille, moi j’ai pas connu mon père.;
Mantis_D61C2;La famille, j’ai jamais trop connu.;
Mantis_D61C3;Essaye de tenir droit.e. Tu me fais pitié là !;
Cloporte_D64;Tu sais, j’aime bien les gens qui ont une opinion et toi t’es plutôt mollasse de la *mandibule*, sans déconner, on dirait un barman, c’est chaud.;
Narrator_D19;Le cloporte fait la moue en regardant par la fenêtre.;
Mantis_D61BISC1OG;Peut-être dans une vie antérieure.;
Mantis_D61BISC2OG;Le menacer.;
Mantis_D61BISC3OG;Tu regardes quoi ?;
Mantis_D61BISC1;Peut-être que je l’ai été dans une vie antérieure.;
Mantis_D61BISC2;Je peux défoncer les tiennes pour être un peu plus vivace si tu veux.;
Mantis_D61BISC3;Qu'est-ce que tu regardais dehors ?;
Cloporte_D65;Ce qui compte dedans c’est pas le nombre de voyages, c’est la destination !;
Cloporte_D66;Et surtout l’action ! Je veux dire, depuis 10 ans, il y en a plein qui sortent, c’est troop bien ! ;
Cloporte_D67;Quand, dans l’arc de Donjon Moche, le protagoniste récure les toilettes, c’est fait avec tellement de fluidité, de passion, juste WOOOW ! Je comprends pas comment tu peux pas être fan…;
Cloporte_D68;Alalaah, y a pas besoin que ça soit logique, être fun ça se suffit en soit !;
Cloporte_D69;Faut pas écouter les critiques, ça sert à rien.;
Mantis_D62;M’en parle pas, les plats que je prépare ne sont jamais appréciés à leur juste valeur.;
Cloporte_D70;Oh ? Tu fais de la cuisine, toi ?;
Mantis_D63C1OG;J'aime bien !;
Mantis_D63C2OG;Je veux la destruction.;
Mantis_D63C3OG;J'aime bien regarder les autres cuisiner !;
Mantis_D63C1;J’aime bien la cuisine et la gastronomie de manière générale.;
Mantis_D63C2;Je n’aime que la destruction et mon souhait le plus profond est d’anéantir le monde.;
Mantis_D63C3;J’aime bien regarder des vidéos Tique Tock de gens qui cuisinent aussi.;
Cloporte_D71;Évidemment que j’aime les belles p’tites mantes, sinon je serais pas là dans mon plus beau survet !;
Narrator_D20;Vous percevez des traces de transpiration et une odeur de *phéromones* plutôt importante se dégageant du cloporte.;
Cloporte_D72;Um, et du coup, tu as des passions..?;
Mantis_D64C1OG;J'aime bien la cuisine !;
Mantis_D64C3OG;J'aime bien scroller !;
Mantis_D64C1;J’aime bien la cuisine et la gastronomie de manière générale. Et toi ?;
Mantis_D64C3;J’aime bien regarder des vidéos Tique Tock.;
Cloporte_D73;Raaaah je savais que les mots doux ça me réussissait pas.;
Mantis_D65C1OG;Pas grave.;
Mantis_D65C2OG;Le reprendre.;
Mantis_D65C1;Pas grave, poursuivons.;
Mantis_D65C2;De 1, c’était pas mignon. De 2, c’était rabaissant.;
Cloporte_D74;Il y avait que ça que mon ex réussissait à entendre quand je parlais avec.;
Narrator_D21;Le cloporte se met à taper du pied.;
Cloporte_D75;Oh pardon...  hm c’est sûrement la boisson énergisante.;
Mantis_D66C1OG;Et t’as tourné la page ?;
Mantis_D66C2OG;Et bah, c’est pas mon cas.;
Mantis_D66C3OG;Parle-moi mal..;
Cloporte_D76;D’accord mais sans parler de mon ex parce que c’est...;
Cloporte_D77;Aah demandé si gentiment, est-ce que je peux vraiment résister ?;
Cloporte_D78;T’es trop cool quand t’es en colère !;
Mantis_D67C1OG;Se lever et le frapper;
Mantis_D67C2OG;T'as de la chance d'être mignon.ne..;
Narrator_D22;Vous vous levez et le frappez.;
Cloporte_D79;Rien, putain ! T’es un flic ou quoi ?;
Mantis_D68C1OG;C'est juste de la curiosité.;
Mantis_D68C3OG;Non :P;
Cloporte_D80;Arrête, tu déconnes ! Ça aurait pu vouloir dire que j’aurais pu avoir une boisson gratis ! Rah nan, si c’est pas une blague, c’est pas cool !;
Mantis_D69;Qui sait...;
Cloporte_D81;Si ça s’trouve, dans une vie antérieure, t’aurais peut-être été chef, tant que dans celle-là, je peux être chef de ton cœur, toi-même tu sais ça me ferait trop kiffer.;
Mantis_D70;(Pas super la technique de drague quand même..);
Cloporte_D82;Et sinon, t’aimes cuisiner quoi ? ;
Mantis_D71;Des plats... Spéciaux mais en parler maintenant ça serait m’éterniser.;
Cloporte_D83;Comme je m’éternise dans tes yeux ?;
Mantis_D72;(Ouais y a pas à dire, même quand il essaye, il est plutôt mauvais..);
Cloporte_D84;Je vois que je te fais aucun effet depuis tout à l’heure de toute manière…;
Mantis_D73C1OG;Je sais pas.;
Mantis_D73C2OG;J'aime le sang.;
Mantis_D73C3OG;Je ne juge pas.;
Mantis_D73C1;En réalité je me suis pas encore décidé..;
Mantis_D73C2;La seule chose qui me fait effet, c’est le rouge sang de la victoire !;
Mantis_D73C3;Je ne juge jamais ^^ ! Hihi !;
Cloporte_D85;Pour l’INSTANT ! Héhé, ce qui veut dire que j’ai encore une chance, non ?;
Cloporte_D86;Wowowow ok messiames, désoolé désolé ! Je voulais pas vous brusquer et tout !;
Narrator_D23;Le cloporte boit un verre de boisson énergisante cul-sec.;
Cloporte_D87;Mais vous êtes grave charmant.e quand vous l’êtes ! Mais pour passer à quelque chose de plus concret, tu as des passions..?;
Cloporte_D88;Pas possible, enfin… Peut-être qu’avec toi ça pourrait être différent mais je sais pas…;
Cloporte_D89;Serveur je pourrais avoir une autre boisson, la même s'il vous plaît!;
Narrator_D24;Le cloporte s’enfile encore un verre de boisson énergisante et se met à gigoter sur sa chaise.;
Cloporte_D90;Mais j’aime pas cette idée, j’ai des habitudes moi maintenant !;
Mantis_D74;Et t'as des passions dans la vie ?;
Cloporte_D91;Bien sûr que OUI, je suis pas un de ces malades qui passent leur vie sur Tique Tock ! ;
Cloporte_D92;Déjà la gym, la preuve, t’as vu comment je suis super musclé de *la carapace* et puis me battre, parce que je suis viril.e et heuu...;
Cloporte_D93;TU PROMETS QUE TU TE FOUS PAS DE MOI !;
Mantis_D75C1OG;On a peur ?;
Mantis_D75C2OG;Ça va dépendre de ta réponse.;
Mantis_D75C3OG;Je te promet d’être à l’écoute.;
Mantis_D75C1;Alors quoi ? On a peur ?;
Mantis_D75C2;Ça va dépendre de si ta réponse est honnête ou non.;
Mantis_D75C3;Je te promet d’être à l’écoute hihi ^^.;
Cloporte_D94;Dit comme ça c’est grave chelou. Je crois que ça m’a refroidi en fait.;
Cloporte_D95;Bon, je vais faire comme si j’avais rien entendu parce que c’était grave bizarre.;
Mantis_D76;Si tu veux, je peux toujours changer de sujet.;
Cloporte_D96;WESH PAS SUR MON FACIÈS GRACIEUX ! PAS LA TÊTE, PAS LA TÊTE !!;
Cloporte_D97;Mignon.ne moi ?! Nan vas-y je suis VIRIL.E !;
Cloporte_D98;Bien sec, bien dur.e :c;
Mantis_D77;Mais bien sûr :P;
Narrator_D25;Vous voyez le cloporte courir par la porte de sortie et conduire un Solex loin du bar.;
Cloporte_D99;Eh, te paie pas ma tête !;
Mantis_D78;Faudrait déjà qu’elle en vaille la peine…;
Cloporte_D100;Bien sûr qu’elle la vaut, téma mon regard d’aigle !;
Narrator_D26;Droneald Plump passe à la télévision du bar.;
Cloporte_D101;Lez go c’est ma star de la télé-réalité préférée !;
Mantis_D79;Le premier ministre frelon asiatique ?;
Cloporte_D102;Ouais, carrément, il a sauvé l’économie en fermant tous nos partenariats avec nos alliés. ;
Cloporte_D103;Et en déstabilisant les alliances, d’accord, tout coûte plus cher, mais maintenant on est trop virils avec nos mannequins au gouvernement !;
Cloporte_D104;C’est quoi ton avis là-dessus ?;
Mantis_D80C1OG;ACAB !! ;
Mantis_D80C2OG;Le changement, c'est bien.;
Mantis_D80C3OG;J'écoute ses conseils.;
Mantis_D80C4OG;Tenter de le déstabiliser.;
Mantis_D80C2;Je n’apprécie pas le personnage, après chambouler les choses c’est bien...;
Mantis_D80C3;Depuis que je me suis injecté de la javel comme il conseille, j’ai moins souvent le corona morpius.;
Cloporte_D105;Épouse-moi !;
Mantis_D81C1OG;Bof..;
Mantis_D81C2OG;Non.;
Mantis_D81C3OG;Pourquoi pas mais prenons notre temps.;
Mantis_D81C1;Tu n’en donnes pas l’envie, pour l’instant ô_õ;
Mantis_D81C2;(??_? ) Jamais de la vie !;
Mantis_D81C3;Je veux bien étudier ce choix mais ça va devoir te demander qu'on se voit davantage d’abord.;
Cloporte_D106;Comment c’est trop chiaaaaant, j’ai rien dit en fait, si t’es aussi facile, bientôt tu vas me dire que tu restes dans ton canapé à rien faire…;
Cloporte_D107;Ou que t’aimes que le tofu ou un autre truc basique dans le genre !;
Cloporte_D108;Bon tout ce bordel de masculinisme, c’était pour faire plaisir à mon ex, j’ai même suivi des cours en ligne et tout pour être un vraiment viril.e... ;
Cloporte_D109;Mais j’ai vu une autre offre qui avait l’air super intéressante sur un autre site et j’ai pas mal hésité à la suivre…;
Cloporte_D110;Y avait un cursus pour apprendre à faire du morin khuur en Mongollocust, l’endroit avec les biquettes là. ;
Cloporte_D111;Comment ça donne troop envie ! En plus c’est loin de la ville et des emmerdes.;
Mantis_D82C1OG;Qu’est-ce qui te bloque ?;
Mantis_D82C2OG;C’est con !;
Mantis_D82C1;Les Mongollocustien ne sont pas dérangés par les *cloportes*, qu’est-ce qui te bloque ?;
Mantis_D82C2;AHAHAHAH C’est complètement con !;
Cloporte_D112;Peureux, moi ? Sérieusement ? Hahahahahah. On me l’avait pas sortie, celle-là, depuis longtemps ! ;
Cloporte_D113;Demande à mes potes si je suis peureux, tu vas voir les réponses que tu vas te prendre ! ;
Cloporte_D114;Rien que la semaine passée je me suis battu, donc chut. C'est grave ! ;
Cloporte_D115;Quoi qu’il en soit… Pour revenir à moi, je pense que je suis le mec le moins peureux de ma bande de 11 meilleurs amis.;
Cloporte_D116;Pas parce que j’ai eu le plus de combats au club de gym, mais parce que j'ai eu les plus jolies victoires de tous mes amis. ;
Cloporte_D117;C'est pas moi qui le dis, c'est eux qui commentent sous mes photos insecta « trop cool le fight, tu les as pliés en 4 hier ! » ;
Cloporte_D118;Donc après, si tu veux, je pense pas que t’aies raison.;
Cloporte_D119;Mais c’est que mon avis. Hahahahahah.;
Narrator_D27;Le cloporte écarquille les yeux.;
Cloporte_D120;Waaah le flashback ! T’es comme mon ex en fait !;
Cloporte_D121;Résiste autant que tu veux mais tu me donnes toujours de meilleures raisons d’essayer, allez je ramène un verre de plus !;
Narrator_D28;Le cloporte boit, la tête en arrière, un verre de vodka.;
Narrator_D29;Maurice, le serveur escargot, vous demande si vous désirez quelque chose.;
Cloporte_D122;HIPS, C’est moi qui lui offre, iel est trop marrant.e !;
Mantis_D83C2;Une grenadine, s'il vous plaît.;
Mantis_D83C3;Une Turbo Poliakoil Beetle !;
Narrator_D30;Le serveur lance un regard désolé au triste spectacle qu’est la table de rendez-vous et vous passe une autre bouteille.;
Narrator_D31;Vous buvez un bon coup et remplissez un autre verre.;
Cloporte_D123;Et bah alors tu chavires pas ?!;
Mantis_D84;J’ai l’habitude d’avoir la tête qui tourne.;
Cloporte_D124;Ça, ça veut dire que t’es en bonne santé ! Bwahahah ! ;
Cloporte_D125;Tu sais, si mes cours de gym m'ont appris un truc, c’est que d'avoir *une carapace* souple, c’est super, HIPS. ;
Cloporte_D126;Non seulement après une bonne cuite ça aide à trouver la bonne position, mais en plus c’est ça qui m’a rendu si beau !;
Cloporte_D127;Qui sait, peut-être que si tu en faisais autant que moi, tu serais un.e vrai.e *princeps*.;
Narrator_D32;Vous buvez un autre verre.;
Cloporte_D128;Les gens disent que je pue les *phéromones* HIPS c’est juste que je *carapate* souvent de sport en sport, en pl-HIPS-us j’ai pas encore *mué*.;
Cloporte_D129;*Ça te dirait, pour changer les idées, un baiser sur la nuque ?*;
Narrator_D33;Le serveur lance un regard désolé au triste spectacle qu’est votre prétendant et vous passe votre verre.;
Cloporte_D130;Toi tu penses quoi du sport ? C’est passionnant, N’EST-CE PAS ?;
Mantis_D85C1OG;Ça explique l'odeur..;
Mantis_D85C2OG;J'adore le sport !!;
Mantis_D85C3OG;J'avais remarqué..;
Mantis_D85C1;Ça m’explique au moins ton odeur légèrement nauséabonde de transpiration..;
Mantis_D85C2;J’adore hahaha, prendre soin de sa santé c’est tellement bien !;
Mantis_D85C3;J’avais en effet remarqué que tu étais un sportif.;
Cloporte_D131;Je sais pas, peut-être que je suis allergique à la laine, et puis j’ai ma mère à garder, elle est malade depuis qu’on s’est installé en ville…;
Mantis_D86;Raison de plus pour partir à la campagne, l’air y est plus sain.;
Cloporte_D132;Eh mais c’est vrai ça ! En plus ça me permettra de plus me voir mon horrible ex !;
Cloporte_D133;Tu sais quoi ? Aussitôt que je me carapate chez moi, je m’organise pour y aller ! ;
Cloporte_D134;En plus ma mère y est originaire, ça lui fera troop plaisir. ;
Cloporte_D135;Merci de m’éclairer de ta lanterne, ça te branche de venir avec moi ?;
Cloporte_D136;OUAIS, TROP D’ACCORD !;
Mantis_D87;Mais... La politique que tu soutiens fait l’apologie de la police ?;
Cloporte_D137;Ouais, parce que c’est viril.;
Mantis_D88;Et tu détestes les flics ?;
Mantis_D89;(Voilà ce que c’est de démontrer un paradoxe à un con..);
Mantis_D90;Le problème, c’est qu’il centre le pouvoir autour de lui et réduit le pouvoir des institutions, et les idées autoritaires et les pleins pouvoirs, ça a toujours mené à la dictature.;
Cloporte_D138;Moi la dictature je déteste pas ça, après tout jamais un dictateur m’a fait de mal et puis l’imagerie elle est trop cool.;
Mantis_D91;Tu devrais lire ce qui se passe ailleurs ou un simple livre d’histoire.;
Cloporte_D139;Pfouah jamais ! Si l’intelligence ça servait à quelque chose, les professeurs, ils seraient pas prolos comme moi ! ;
Cloporte_D140;Merde, eh t’as rien entendu, hein ? En vrai, j’suis blindé de thune, t’inquiète !;
Mantis_D92C1;T’inquiète, je m’en fiche.;
Mantis_D92C2;Bien sûr que le savoir sert à quelque chose.;
Mantis_D92C3;Tu vas pouvoir me payer un verre alors ?;
Narrator_D34;Vous commencez à loucher et votre langue sort de votre bouche.;
Cloporte_D141;Trop compliqué comme question, je comprends, mais t’inquiète, j’ai tout compris, moi !;
Cloporte_D142;T’es tellement plus maligne que mon ex !;
Narrator_D35;Il regarde dehors une nouvelle fois.;
Cloporte_D143;Et viens, au lieu d’être v’là mou du genou, ça te dit qu'on se fait une ptite balade pour rendre les gens sur le trottoir jaloux ?;
Mantis_D93C1;Oui.;
Mantis_D93C2;Non.;
Cloporte_D144;Ouais nan c’est mort, je réponds pas là avec ta tête toute niaise !;
Cloporte_D145;Eh bah voilà : “oui”, “oui”, “oui”, “oui”, p’tain t’es grave trop facile, c’est pas marrant la page blanche là, comme mon père.;
Cloporte_D146;Bon, moi tous ces sujets c’est un peu compliqué, j’aime pas en parler parce que les gens mous comme toi ils comprennent rien. Là je m’ennuie carrément, puis…;
Narrator_D36;Le cloporte regarde par la fenêtre.;
Cloporte_D147;Je crois que je suis attendu autre part, ok ? On se fait ça une autre fois si tu veux ? ;
Cloporte_D148;Pas moi parce que j’ai plein de thune.;
Cloporte_D149;Plein d’argent, t’entends ?;
Cloporte_D150;Grosses voitures et jantes platinées..;
Cloporte_D151;Mais si vraiment t'as rien à faire, j’ai un Solex parqué à côté, ça te dit un petit tour ?;
Mantis_D94;On ne vit pas dans une méritocratie, ceux que tu prêches d’ailleurs s’occupent d’augmenter cette inégalité..;
Cloporte_D152;Méritocra-quoi ? Bon écoute, c’est sympa tout ça, hein ? Mais les bibliographes, j’en ai pas l’intérêt. ;
Cloporte_D153;Ça te dit qu’on remette ça ? Peut-être que tu pourras lâcher prise un peu plus ?;
Cloporte_D154;Si tu veux qu’on se revoie, tu me dis, je vois que tu peux te réveiller des fois mais la plupart du temps t’es pas intéressant.e..;
Cloporte_D155;Ça vaaaa, tu peux faire ton/ta difficile avec moi, tu sais ?;
Cloporte_D156;Allez à la prochaine !;
Cloporte_D157;Eh nan, ça c’est le truc de trop, tu vois ! T’es trop rabat-joie là à demander des trucs alors que je t’ai offert un super date, c’est toi qui devrais être en train de me remercier !;
Cloporte_D158;Tous les *insectes* rêvent d’être avec moi.;
Cloporte_D159;J’aurais préféré rentrer chez toi ce soir mais t’sais quoi, je vais repartir chez ma daronne.;
Cloporte_D160;Et j’te paye pas ton verre là pour la peine !;
Cloporte_D161;Une baddie qui s’intéresse vraiment à moi !;
Cloporte_D162;Alors, dis, ça t’intéresse de sortir avec moi ?;
Cloporte_D163;Oh putin ! L’animé à la télé, il me dit quelque chose !;
Mantis_D95;Et pourquoi tu veux sortir avec moi ?;
Narrator_DP1;Une personne arrive avec un ordinateur et des feuilles sous le bras, les posant sur le coin de la table à côté de votre verre.;
Papillon_D1;Tiens, tiens, tiens. Qui avons-nous donc là ?;
Narrator_DP2;Vous admirez un papillon fort élégant et en retard se poser, jambes croisées, à votre table.;
Papillon_D2;Tu as de la chance que j’aie réussi à te trouver une place dans mon emploi du temps : mes costumiers étaient en train de me faire essayer autre chose qu’un corset. ;
Papillon_D3;À moi ?! Tu te rends compte !;
Mantis_DP1;Oui-;
Papillon_D4;Eh bien tu n’as pas besoin parce que je le fais pour deux ! ;
Papillon_D5;Quel outrage ! Regarde bien ce que je porte. C’est pas pour rien ! ;
Papillon_D6;Rien d’autre ne me met autant en valeur !;
Papillon_D7;Et dire que j’aurais pu être moins parfait.e en venant à ce rendez-vous.. ;
Papillon_D8;Et toi ?;
Papillon_D9;Le thermostat, la santé, les manucures, tout va bien ?;
Mantis_DP2_C1;Oui ça va et toi ?;
Mantis_DP2_C2;Je ne fais pas de manucure.;
Mantis_DP2_C3OG;Laissez vos cernes parler pour vous.;
Narrator_DP2_C3;Vous laissez vos cernes parler pour vous.;
Papillon_D10;Évidemment que ça va, nan mais tu suis ce que je te raconte ?;
Papillon_D11;Je te signale que je viens de dire que j’ai eu ma ma-nu-cure !;
Narrator_DP3;Le papillon souffle agréablement.;
Papillon_D12;Quoi que… Merci de me le rappeler, c’était comme quand je vais au s-p-a, trèès, trèès agréable.;
Mantis_DP3_C1;"Tant que tu te sentez bien ;)";
Mantis_DP3_C2;S-P-A ? Tu aides les animaux ?;
Mantis_DP4;WaW, tu en as de la chance.;
Papillon_13;Chance ?! Moi ?! J’ai dû durement demander à mes parents d'être dans la position dans laquelle je suis aujourd'hui, je te ferai dire !;
Papillon_14;Mais merci du compliment. Car oui. J’ai beaucoup de chance. Beaucoup. Déjà d’avoir des costumiers mais aussi un public aussi formidable ! Merci ! Merci !;
Mantis_DP4_C1;Je déteste le népotisme.;
Mantis_DP4_C2;Tu n’as pas volé ta place.;
Mantis_DP4_C3;Cette manière alambiquée de parler...;
Papillon_15;Mmmmh je vois. On est trop overbookés tous les deux aussi, il faut dire.;
Papillon_16;Maurice ! Un café pour mon ami.e.;
Papillon_17;J’aimerais lui parler avant qu’elle ne se vautre sur la table comme Mille et une patte Farmer.;
Mantis_DP5_C1;5 minuteuh… zzz;
Mantis_DP5_C2;Eh beh, ils doivent mal bosser vos costumiers si tu leur parles comme ça.;
Narrator_DP4;Le papillon essaie de vous renvoyer un clin d’œil mais a une grande difficulté et contorsionne son visage bizarrement.;
Mantis_DP6_C1;";)";
Mantis_DP6_C2OG;Rougir;
Mantis_DP6_C3OG;Que quelqu’un appelle une ambulance !;
Narrator_DP6_C2;Vous rougissez.;
Mantis_DP6_C3;Que quelqu’un appelle une ambulance, mon date fait un AVC !;
Papillon_18;OOh ooh OOh, bien l’inverse ! C’est eux qui m’aident à décorer certains de mes costumes, darling.;
Papillon_19;C’était très drôle, j’aime beaucoup ta touche d’humour !;
Mantis_DP7;(J’ai fait une blague ?);
Papillon_20;De toute manière, peu sont les gens qui apprécient mes costumes, ils sont taillés spécialement pour moi.;
Narrator_DP5;Le papillon vous montre les patrons d’un costume, le sortant de son tas de feuilles.;
Papillon_21;Sans déc, mon/ma pauvre. Je suis pas venu ici pour bailler, bois et sourie, tu veux bien ? ;
Papillon_22;Une mante religieuse, c’est fait pour sourire, non d’*une blatte*. ;
Papillon_23;M’enfin ! Je m’égare, me perds et m’entourloupe encore et encore. ;
Papillon_24;Tu sais ! Je n’ai pu m’empêcher de remarquer ta beauté naturelle, Messiames la *mante religieuse*.;
Papillon_25;C’est même ceci qui m’a fait prendre la décision de venir vous parler et d'accepter de vous voir.;
Papillon_26;Tes yeux sont comme des étoiles sur un lac…;
Mantis_DP7_C1OG;On peut passer commande.;
Mantis_DP7_C2;Tu parles drôlement bien !;
Mantis_DP7_C3;Cette manière alambiquée de parler...;
Mantis_DP7_C1;On peut passer commande. J’ai déjà fini le café !;
Papillon_27;HEY ! NAN MAIS ÇA VA PAS ! ;
Papillon_28;ATTENTION, JE SUIS ARMÉE, J’AI DES CISEAUX À DÉCOUPER DANS MON SAC !;
Narrator_DP6;Le papillon se lance un regard fier en croisant les bras.;
Papillon_29;Comme dans dresser votre Scarabeille3 !;
Mantis_DP8_C1OG;J’AI LA RÉFÉRENCE !;
Mantis_DP8_C3OG;Rien que ça ? ô_??;
Mantis_DP8_C1;J’AI LA RÉFÉRENCE, ÇA VIENS DU FOURMILLION DE J.R.R. TOLKIENWIGS !;
Papillon_30;C’est vrai, après, que le public peut être un peu con-con, t’en fais pas.;
Papillon_31;Ton commentaire me passe au-dessus de la tête, non, tu sais quoi ? Je suis au-dessus de ça. ;
Papillon_32;Parce que tu as tort, bien sûr.;
Papillon_33;Tu sais, moi aussi je déteste le népotisme, dommage pour toi que ce n'en soit pas, et ouais.;
Papillon_34;Exactement. Je suis là où il le faut, contrairement à la personne que j’ai remplacée.;
Papillon_35;D'accord, elle avait un plus grand palmarès que moi, mais que veux. Le talent ne connaît pas de frontière.;
Mantis_DP9;Tu n’es pas dans la mode, pas vrai ? Tu sembles avoir fait du théâtre.;
Papillon_36;Urgh… Pourquoi diable me pose-t-on cette question sans cesse ! ;
Narrator_DP7;La télé se met à grésiller tandis qu’un bruit de statique se fait entendre.;
Papillon_37;Oh non, tss, c’est la télé qui refait des siennes, tiens.. ? ;
Mantis_DP10;C’est ce que j’allais dire. Tu es un régulier ici ?;
Papillon_38;Moi ainsi que le reste de mon équipe tournons dans des studios pas loin.;
Mantis_DP11;Je savais pas qu’il y avait des studios dans notre *colonie* ?!;
Papillon_39;*Colonie* ? Hahaha… N’importe quelle salle avec 4 murs peut servir de studio, même une chambre étroite et intime.;
Narrator_DP8;Les grésillements persistent.;
Papillon_40;BON TU LA RÉPARES OUI OU MERDE MAURICE LA TÉLÉ ?! ;
Papillon_41;Je suis acteur mais s'il le répare pas d’ici la prochaine fois, je vais pas faire semblant de me plaindre à son manager.;
Narrator_DP9;Un collègue de Maurice passe devant lui, réparant la télé.;
Narrator_DP10;Maurice, le serveur escargot, a l’air triste de s’être fait une autre fois doubler.;
Papillon_42;Commandons quelque chose !;
Mantis_DP12_C1;Un sirop !;
Mantis_DP12_C2;De l'eau !;
Mantis_DP12_C3;Un Roffignac !;
Papillon_43;BON TU LA RÉPARES OUI OU MERDE MAURICE LA TÉLÉ ?!;
Papillon_44;C’EST QUOI LA QUALITE DE CET ÉTABLISSEMENT ?;
Mantis_DP12;Donc tu as l’habitude de venir ici ?;
Papillon_45;Tout à fait, on est en train de tourner un film, en huis clos dans un appartement pas loin, pour l’adaptation cinématographique du fourmilion de JRR Tolkien. ;
Narrator_DP11;Le papillon se met à classer ses feuilles prenant toute la table.;
Papillon_46;Si vous voulez bien, commandez quelque chose pour nous deux. Je suis occupé présentement.;
Mantis_DP13_C1;Un sirop et un cocktail.;
Mantis_DP13_C2;De l’eau et… de l’eau.;
Mantis_DP13_C3;Une absinthe et un Bubble Over Grapes !;
Papillon_47;Je vais vous prendre un Bubble Over Grapes. Bien sûr tu payes pour le tien, je paye pour le mien.;
Papillon_48;En voilà une boisson qui a du style. En plus, le verre qu’ils utilisent pour le présenter est on ne peut plus gracieux.;
Papillon_49;Je vais vous prendre un Bubble Over Grapes et je vais te faire l’incroyable plaisir de payer pour ton verre !;
Papillon_50;Tu as raison, être économe, c’est très bien !;
Papillon_51;Très bon choix ! C’est précisément ce que je voulais. ;
Papillon_52;Mais attends, de l’absinthe ? On est un gros buveur, pas vrai ? ;
Papillon_53;Mais c’est pas un peu trop pour un début de date ?;
Mantis_DP14;Je me sens plus depuis un moment, j’ai besoin de boire ça.;
Papillon_54;"Regarde-moi ça, la télé est à peine réparée qu’ils l’endommagent déjà avec un de ses ""animé"".";
Narrator_DP12;Vous apercevez que Cyber Grasshoper in the techno shell passe à la télé du bar.;
Papillon_55;C'est du divertissement de bas étage pour les gens qui n’ont aucune exigence artistique.;
Papillon_56;Qui plus est, je ne joue pas dedans et Tique Beetlerton non plus…;
Mantis_DP15_C1;C’est populaire pour une raison, non ?;
Mantis_DP15_C2OG;Je regarde pas la télévision.;
Mantis_DP15_C3OG;C’est juste pour passer le temps.;
Mantis_DP15_C2;Je regarde pas la télévision, uniquement des DVD, je suis de la vieille époque.;
Mantis_DP15_C3;C’est juste pour passer le temps, il n'y a pas de mal à ça.;
Papillon_57;Après, si tu aimes bien, je ne peux pas trop juger, n’empêche que ça reste un sous-divertissement par rapport au vrai film en prise de vue réelle comme les *Mothvrels.*;
Papillon_58;"C'est du divertissement de bas étage, pas pour ces ""animé"" comme la génération Alpha les appelle.";
Papillon_59;Qu’est-ce qu'il ne faut pas entendre.;
Papillon_60;C’est super ça ! Ça veut dire que tu n’as pas subi les trends !;
Papillon_61;"Perso mon film préféré, c’est ""Phantom of the Paradise"", le protagoniste a un costume fabuleux.";
Papillon_62;Petit trivia, un autre film impopulaire mais reconnu par la critique n'est autre que Citizen Kane. ;
Papillon_63;Tu savais que c’était le film préféré de notre 1?? ministre *frelon asiatique* Droneald Plump ? ;
Papillon_64;Tout ça parce qu’il s’identifie au personnage de Kane, parce qu’il est pas capable de comprendre que c’est le vilain du film HAhaHAhaHA ! ;
Papillon_65;Vivement qu’il dégage celui-là !;
Mantis_DP16_C1OG;J’adore pouvoir avoir accès aux bonus.;
Mantis_DP16_C2OG;Mon père faisait ça et j’en ai simplement pris l’habitude.;
Mantis_DP16_C3OG;C'est un acte de résistance contre la surconsommation numérique.;
Mantis_DP16_C1;J’adore pouvoir avoir accès aux bonus, les regarder quand je veux et pouvoir dessiner sur la jaquette si j’aime pas les acteurs.;
Mantis_DP16_C3;Chaque DVD que je regarde est un acte de résistance contre la surconsommation numérique. ??;
Papillon_66;Tu défends ces enfantillages ?! AHAHA la loose !;
Papillon_67;Hm, mais merci de ton honnêteté, je suppose… ;
Papillon_68;Laisse-moi te rappeler quand même que qualité ? popularité, contrairement à ces dessins animés. ;
Papillon_69;"Par exemple, mon film préféré, ""Phantom of the Paradise"", n’a pas plu alors que c’est une inspiration pour des Daft Planthoppers et que le protagoniste a un costume fa-bu-leux.";
Mantis_DP17_C1OG;Le protagoniste a aussi inspiré un animé !;
Mantis_DP17_C2OG;Faire semblant de connaître.;
Mantis_DP17_C3;Je regarde surtout ça pour passer le temps.;
Mantis_DP17_C1;Le protagoniste de Phantom of the Paradise a aussi inspiré un animé, Berserk.;
Mantis_DP17_C2;Vous faites semblant de connaître les œuvres dont il parle.;
Papillon_70;Tu ne caches pas en face de moi, grand ACTEUR, que tu apprécies ces enfantillages.;
Papillon_71;Hm, merci de ton honnêteté, peu de gens ont ce cran !;
Papillon_72;Quoi qu’il arrive, le temps passe vite, mais l’important c’est d’avoir des souvenirs, et pour avoir des souvenirs il faut faire des choses.;
Papillon_73;C’est la seule manière qu’on a de se souvenir du temps qui passe et donc d’avoir l’impression que le temps passe moins vite.;
Mantis_DP18;C’est vrai. C’est beau ce que tu dis.;
Papillon_74;Uhm, okay.;
Papillon_75;Ça m'a l’air plutôt passif tout ça, donc laissez-moi vous prévenir.;
Papillon_76;Je suis une grande star, donc bien évidemment que je serai charmé que mon passage dans les bonus de 0,3 secondes soit regardé ! ;
Papillon_77;Surtout quand ces segments sont d’une importance cruciale. ;
Papillon_78;Que dis-je !! Toutes mes apparitions sont d’une importance cruciale !;
Mantis_DP19;(Je ne sais pas s'il plaisante.);
Papillon_79;Tes ambitions sont bien petites, je trouve. Sache que…;
Papillon_80;C’est très bien de comparer des œuvres, mais moi je parle de genre, qu’il ait eu de l'inspiration, je n’en ai rien à faire, il faut assassiner les auteurs.;
Mantis_DP20;Les décapiter ?;
Narrator_DP13;Le papillon est préoccupé par une de ses pages.;
Papillon_81;Oui par exemple.;
Papillon_82;Non mais ! TU VAS CONTINUER À HOCHER DE LA TÊTE COMBIEN DE TEMPS ENCORE ?;
Papillon_83;Quelle déception, tu me mens, forcément les astres ne peuvent pas s’aligner pour que quelqu’un en face de moi ait les mêmes connaissances obscures que moi !;
Mantis_DP21C1;Mais c’est du gatekeeping !;
Mantis_DP21C2;Je voulais pas que tu te sentes seul.e.;
Papillon_84;Quoi qu’il arrive, le temps passe vite, mais l’important c’est d’avoir des souvenirs, et pour avoir des souvenirs il faut faire des choses. ;
Papillon_85;C’est la seule manière qu’on a de se souvenir du temps qui passe et donc d’avoir l’impression que le temps passe moins vite.;
Papillon_86;C’est compliqué, hein ? Et donc il faut des souvenirs.;
Papillon_87;Parce que souvent on a ce truc de : on fait rien chez soi et le temps passe pas, mais en réalité il passe.;
Papillon_88;En fait, quand on a pas de souvenirs, bah on se dit: “Mais qu’est-ce que j’ai foutu de cette semaine ?”;
Papillon_89;Et en vrai, c’est une semaine, elle est, heu… transparente !;
Papillon_90;Mais si tu dis: “Ah bah non, on avait fait ça, on est allé là, puis après on a eu cette galère-là.” ;
Papillon_91;Eh bah les galères, ce sont des mauvais souvenirs, hein ? ;
Papillon_92;Eh bien, aie des galères, sois plein de galères, tout le temps.;
Papillon_93;Vous ne faites rien, vous êtes à l’aise, vous êtes tranquille, vous regardez la télé ? A-;
Mantis_DP22C1;Allez frapper quelqu’un dans la rue.;
Mantis_DP22C2;Allez chez un voisin, souhaitez-lui la bonne année.;
Papillon_94;NON, non, NON ! Erreur classique mais triste erreur ! ;
Papillon_95;Les gatekeepers sont derrière les portes de mon indifférence ! ;
Papillon_96;Moi je suis au-dessus de ça, vois-tu ?;
Papillon_97;BREF ! Revenons-en au scénario : si j’étais scénariste ou écrivais les dialogues d’un script, je serais surpris du nombre de bêtises que tu enchaînes !;
Papillon_98;Mais aussi surpris du destin qui pourrait t’attendre. Avec moi bien sûr.;
Papillon_99;Tiens, sourie un coup parce que j’ai un petit quelque chose pour toi !;
Papillon_100;QUOI ?! MOI ?! SEUL.E ??;
Papillon_101;Mais non voyons après tout, cela n’est pas la raison de ma présence sur notre dating app ! ;
Papillon_102;Haha, tu ne trouveras aucune insécurité chez moi, en tout cas ça c’est sûr !;
Papillon_103;Même pas d’être seul.e. Si seul.e.. Si tu savais.;
Papillon_104;C’est fou comme on se comprend bien, toi et moi.;
Mantis_DP23C1;Cependant le repos, c’est hyper important…;
Mantis_DP23C2OG;C'est bien une vie tranquille.;
Mantis_DP23C2;Mais les gens aspirent parfois à une vie un peu plus tranquille.;
Papillon_105;Voilà ! -Heu-NON! Va plutôt heu-non ! ;
Papillon_106;Ne fait rien, en fait, oublie ce que je viens de dire. ;
Papillon_107;Au pire, allez chez un voisin, souhaitez-lui la bonne année puis;
Mantis_DP24;Puis raquettez-le ! ;
Papillon_108;Heu, n- ;
Mantis_DP25;Tu sais, après cette réunion de copropriété, où il t'a fait chier !;
Narrator_DP14;Le papillon déploie la pile de papiers pour capter votre attention puis vous tape avec sur la main.;
Papillon_109;Darling ! Restons concentrés.;
Papillon_110;Mais bon, se lamenter, c’est pour les faibles !;
Narrator_DP15;Vous devinez presque une larmichette sous l’œil fatigué du papillon.;
Papillon_111;D’ailleurs en parlant de passion et de travail, darling…;
Papillon_112;Dormir est pour les faibles et lorsqu’on a des ambitions, le sommeil c’est pas si important au final !;
Narrator_DP15;Vous devinez presque des cernes sous les milliers de couches d’anti-cernes dont vous êtes sûr.e qu’il met.;
Mantis_DP26;Parce qu’il entendait des bruits de pleurs depuis votre appart !;
Papillon_113;Darling..;
Papillon_114;J’ai une idée pour rendre notre conversation plus… intéressante.;
Papillon_115;Et si on passait à un autre menu. Métaphoriquement parlant !;
Papillon_116;Mon amie Atsuga m’a toujours dit qu’il était important de répéter…;
Papillon_117;Toi qui as de la jugote, et si tu m’aidais pour un exercice. ;
Papillon_118;J’ai une session dans 3 minutes et j’ai besoin de quelqu’un pour m’aider à répéter.;
Papillon_119;Contentes-toi de me dire si la performance était bonne ou exceptionnelle !;
Mantis_DP27;3 MINUTES ?!;
Papillon_120;Oui et bien ? N'ai pas l'air surpris.e, je suis un.e star !;
Papillon_121;Ils subiront et c’est bien normal.;
Mantis_DP28C1OG;Accepter.;
Mantis_DP28C2OG;Refuser.;
Narrator_DP28C1;Vous acceptez.;
Narrator_DP28C2;Vous refusez;
Papillon_122;Ils m’attendront quoi qu’ils fassent, et je suis convaincu que nous serons dans les temps.;
